[
  { "id": "1", "name": "Digital gold", "logo": "fa fa-icon", "status": "active" },
  { "id": "2", "name": "Amazon", "logo": "fa fa-icon", "status": "inactive" },
  { "id": "3", "name": "Beatport", "logo": "fa fa-icon", "status": "active" },
  { "id": "4", "name": "Beatsource", "logo": "fa fa-icon", "status": "active" },
  { "id": "5", "name": "Deezer", "logo": "fa fa-icon", "status": "active" },
  { "id": "6", "name": "Hungama", "logo": "fa fa-icon", "status": "inactive" },
  { "id": "7", "name": "Instagram (by Facebook)", "logo": "fa fa-icon", "status": "active" },
  { "id": "8", "name": "iTunes", "logo": "fa fa-icon", "status": "active" },
  { "id": "9", "name": "JioSaavn", "logo": "fa fa-icon", "status": "active" },
  { "id": "10", "name": "Juno Download", "logo": "fa fa-icon", "status": "active" },
  { "id": "11", "name": "Millward Brown / OCC", "logo": "fa fa-icon", "status": "inactive" },
  { "id": "12", "name": "Phononet", "logo": "fa fa-icon", "status": "active" },
  { "id": "13", "name": "Presto", "logo": "fa fa-icon", "status": "active" },
  { "id": "14", "name": "QQ Music / KuGou / Kuwo / WeSing / Ultimate Music", "logo": "fa fa-icon", "status": "active" },
  { "id": "15", "name": "Spotify", "logo": "fa fa-icon", "status": "active" },
  { "id": "16", "name": "TikTok (by Bytedance)", "logo": "fa fa-icon", "status": "active" },
  { "id": "17", "name": "Traxsource", "logo": "fa fa-icon", "status": "active" },
  { "id": "18", "name": "VKontakte / Odnoklassniki / Mail.ru (by UMA)", "logo": "fa fa-icon", "status": "inactive" },
  { "id": "19", "name": "Yandex", "logo": "fa fa-icon", "status": "active" },
  { "id": "20", "name": "YouTube", "logo": "fa fa-icon", "status": "active" }
  ]